IMG_ID,Date,Time
DJI_0487.jpg,2021-03-26,10:03:38
DJI_0088.jpg,2021-12-05,09:33:49
DJI_0268.jpg,2021-05-28,10:08:53
DJI_0255.jpg,2021-05-28,10:07:59
DJI_0185.jpg,2021-05-28,09:53:58
DJI_0023.jpg,2021-12-05,09:25:13
DJI_0080.jpg,2021-03-13,10:12:59
DJI_0205.jpg,2021-05-28,09:55:28
DJI_0502.jpg,2021-01-30,10:31:41
DJI_0416.jpg,2021-12-31,10:05:01
