,IMG_ID,PRED_LAB,PRED_CT
0,DJI_0487.jpg,YES,20
1,DJI_0088.jpg,YES,24
2,DJI_0268.jpg,YES,34
3,DJI_0255.jpg,YES,31
4,DJI_0185.jpg,YES,27
5,DJI_0023.jpg,YES,40
6,DJI_0080.jpg,YES,22
7,DJI_0205.jpg,YES,20
8,DJI_0502.jpg,YES,20
9,DJI_0416.jpg,YES,22
